{
	"_": "Message",
	"id": 11,
	"peer_id": {
		"_": "PeerChannel",
		"channel_id": 1820317394
	},
	"date": "2023-02-02T06:27:52+00:00",
	"message": "\u042e\u0445\u0443",
	"out": true,
	"mentioned": false,
	"media_unread": false,
	"silent": false,
	"post": true,
	"from_scheduled": false,
	"legacy": false,
	"edit_hide": true,
	"pinned": false,
	"noforwards": false,
	"from_id": null,
	"fwd_from": null,
	"via_bot_id": null,
	"reply_to": null,
	"media": {
		"_": "MessageMediaPhoto",
		"photo": {
			"_": "Photo",
			"id": 5393133014625667644,
			"access_hash": -6665688866337281219,
			"file_reference": [4, 108, 127, 214, 210, 0, 0, 0, 11, 99, 219, 116, 183, 244, 139, 100, 86, 194, 10, 179, 169, 14, 97, 183, 17, 86, 48, 62, 82],
			"date": "2023-02-02T06:27:52+00:00",
			"sizes": [{
				"_": "PhotoStrippedSize",
				"type": "i",
				"bytes": [1, 40, 40, 204, 19, 16, 0, 216, 135, 30, 162, 172, 199, 108, 211, 162, 179, 237, 140, 118, 192, 228, 213, 100, 129, 247, 13, 200, 113, 222, 175, 201, 47, 151, 140, 103, 62, 130, 147, 101, 16, 125, 133, 152, 144, 135, 45, 233, 235, 68, 182, 19, 197, 141, 235, 128, 123, 231, 129, 83, 193, 114, 124, 225, 142, 9, 232, 61, 234, 229, 204, 178, 152, 196, 92, 74, 228, 124, 234, 7, 65, 73, 48, 48, 164, 66, 152, 6, 138, 177, 37, 165, 203, 49, 38, 23, 252, 168, 170, 64, 236, 89, 66, 125, 42, 188, 215, 0, 59, 13, 185, 110, 153, 207, 74, 150, 41, 62, 97, 81, 79, 26, 129, 183, 3, 113, 126, 181, 32, 73, 111, 9, 89, 209, 136, 206, 70, 106, 218, 254, 234, 66, 241, 146, 9, 24, 168, 212, 142, 8, 236, 49, 67, 72, 61, 105, 12, 145, 238, 102, 255, 0, 158, 173, 250, 81, 85, 93, 232, 166, 34, 164, 109, 243, 140, 156, 10, 124, 172, 94, 66, 65, 227, 57, 20, 81, 76, 68, 177, 202, 48, 202, 220, 100, 117, 168, 203, 251, 230, 138, 40, 24, 194, 254, 244, 81, 69, 49, 31]
			}, {
				"_": "PhotoSize",
				"type": "m",
				"w": 318,
				"h": 320,
				"size": 21435
			}, {
				"_": "PhotoSizeProgressive",
				"type": "x",
				"w": 700,
				"h": 704,
				"sizes": [8203, 19572, 27331, 44076, 61303]
			}],
			"dc_id": 2,
			"has_stickers": false,
			"video_sizes": []
		},
		"ttl_seconds": null
	},
	"reply_markup": null,
	"entities": [],
	"views": 1,
	"forwards": 0,
	"replies": null,
	"edit_date": "2023-02-02T07:27:35+00:00",
	"post_author": null,
	"grouped_id": 13402554183001890,
	"reactions": {
		"_": "MessageReactions",
		"results": [{
			"_": "ReactionCount",
			"reaction": {
				"_": "ReactionEmoji",
				"emoticon": "\u2764"
			},
			"count": 1,
			"chosen_order": 0
		}],
		"min": false,
		"can_see_list": false,
		"recent_reactions": []
	},
	"restriction_reason": [],
	"ttl_period": null
} {
	"_": "Message",
	"id": 12,
	"peer_id": {
		"_": "PeerChannel",
		"channel_id": 1820317394
	},
	"date": "2023-02-02T06:27:52+00:00",
	"message": "",
	"out": true,
	"mentioned": false,
	"media_unread": false,
	"silent": false,
	"post": true,
	"from_scheduled": false,
	"legacy": false,
	"edit_hide": false,
	"pinned": false,
	"noforwards": false,
	"from_id": null,
	"fwd_from": null,
	"via_bot_id": null,
	"reply_to": null,
	"media": {
		"_": "MessageMediaPhoto",
		"photo": {
			"_": "Photo",
			"id": 5393133014625667645,
			"access_hash": -2871287023172815597,
			"file_reference": [4, 108, 127, 214, 210, 0, 0, 0, 12, 99, 219, 116, 183, 19, 92, 37, 46, 53, 196, 132, 65, 249, 104, 186, 71, 26, 112, 71, 167],
			"date": "2023-02-02T06:27:52+00:00",
			"sizes": [{
				"_": "PhotoStrippedSize",
				"type": "i",
				"bytes": [1, 40, 40, 185, 21, 173, 188, 209, 7, 242, 192, 39, 210, 179, 238, 237, 226, 134, 114, 60, 189, 192, 99, 28, 226, 167, 134, 118, 88, 112, 167, 154, 101, 195, 121, 133, 88, 245, 52, 8, 188, 214, 228, 156, 188, 157, 123, 14, 42, 184, 178, 133, 174, 192, 32, 148, 217, 158, 189, 255, 0, 10, 157, 230, 44, 128, 212, 75, 46, 28, 55, 182, 63, 90, 96, 75, 29, 165, 182, 227, 136, 151, 143, 94, 104, 168, 124, 242, 178, 14, 112, 59, 209, 74, 225, 98, 188, 72, 2, 121, 142, 118, 175, 243, 165, 98, 132, 161, 206, 83, 174, 71, 122, 169, 36, 205, 141, 131, 33, 105, 209, 187, 8, 201, 32, 237, 94, 158, 212, 11, 82, 101, 185, 216, 231, 120, 36, 3, 251, 177, 158, 159, 227, 82, 185, 206, 10, 119, 236, 43, 58, 73, 1, 57, 29, 106, 88, 229, 116, 66, 254, 148, 1, 36, 132, 245, 220, 15, 176, 162, 160, 19, 18, 228, 231, 37, 190, 247, 189, 20, 12, 124, 44, 102, 45, 136, 211, 112, 25, 198, 41, 255, 0, 107, 120, 209, 163, 49, 160, 83, 212, 115, 69, 20, 116, 31, 82, 15, 54, 54, 110, 97, 201, 250, 154, 153, 46, 226, 142, 54, 140, 194, 121, 235, 69, 20, 14, 196, 109, 34, 44, 159, 187, 140, 46, 63, 26, 40, 162, 144, 88]
			}, {
				"_": "PhotoSize",
				"type": "m",
				"w": 320,
				"h": 319,
				"size": 30439
			}, {
				"_": "PhotoSizeProgressive",
				"type": "x",
				"w": 700,
				"h": 697,
				"sizes": [9155, 26798, 42703, 67321, 89715]
			}],
			"dc_id": 2,
			"has_stickers": false,
			"video_sizes": []
		},
		"ttl_seconds": null
	},
	"reply_markup": null,
	"entities": [],
	"views": 1,
	"forwards": 0,
	"replies": null,
	"edit_date": null,
	"post_author": null,
	"grouped_id": 13402554183001890,
	"reactions": null,
	"restriction_reason": [],
	"ttl_period": null
} {
	"_": "Message",
	"id": 13,
	"peer_id": {
		"_": "PeerChannel",
		"channel_id": 1820317394
	},
	"date": "2023-02-02T06:27:52+00:00",
	"message": "",
	"out": true,
	"mentioned": false,
	"media_unread": false,
	"silent": false,
	"post": true,
	"from_scheduled": false,
	"legacy": false,
	"edit_hide": false,
	"pinned": false,
	"noforwards": false,
	"from_id": null,
	"fwd_from": null,
	"via_bot_id": null,
	"reply_to": null,
	"media": {
		"_": "MessageMediaPhoto",
		"photo": {
			"_": "Photo",
			"id": 5393133014625667646,
			"access_hash": -5254223915751396402,
			"file_reference": [4, 108, 127, 214, 210, 0, 0, 0, 13, 99, 219, 116, 183, 221, 191, 185, 211, 191, 147, 33, 206, 48, 12, 129, 92, 232, 175, 214, 52],
			"date": "2023-02-02T06:27:52+00:00",
			"sizes": [{
				"_": "PhotoStrippedSize",
				"type": "i",
				"bytes": [1, 40, 40, 201, 84, 201, 230, 167, 142, 223, 113, 251, 220, 84, 74, 216, 53, 105, 101, 253, 214, 51, 134, 200, 161, 177, 15, 22, 184, 238, 49, 86, 34, 183, 94, 57, 201, 244, 2, 163, 183, 253, 238, 89, 143, 35, 165, 93, 182, 147, 120, 109, 202, 23, 210, 161, 182, 85, 136, 188, 160, 58, 12, 81, 79, 154, 64, 139, 197, 21, 87, 11, 28, 254, 121, 167, 6, 0, 243, 210, 147, 99, 122, 113, 72, 220, 83, 17, 163, 100, 60, 221, 192, 31, 152, 114, 56, 171, 246, 201, 189, 148, 18, 112, 65, 205, 100, 88, 73, 229, 220, 41, 207, 29, 63, 74, 211, 138, 117, 70, 24, 61, 143, 243, 168, 104, 164, 203, 111, 107, 14, 58, 31, 206, 138, 171, 61, 192, 144, 115, 69, 22, 98, 230, 48, 213, 246, 158, 181, 39, 152, 141, 247, 128, 52, 81, 84, 33, 193, 163, 31, 116, 1, 248, 211, 188, 252, 116, 56, 199, 165, 20, 80, 2, 60, 204, 195, 239, 81, 69, 20, 88, 119, 63]
			}, {
				"_": "PhotoSize",
				"type": "m",
				"w": 320,
				"h": 320,
				"size": 23403
			}, {
				"_": "PhotoSizeProgressive",
				"type": "x",
				"w": 700,
				"h": 700,
				"sizes": [8080, 20226, 32274, 45432, 53193]
			}],
			"dc_id": 2,
			"has_stickers": false,
			"video_sizes": []
		},
		"ttl_seconds": null
	},
	"reply_markup": null,
	"entities": [],
	"views": 1,
	"forwards": 0,
	"replies": null,
	"edit_date": null,
	"post_author": null,
	"grouped_id": 13402554183001890,
	"reactions": null,
	"restriction_reason": [],
	"ttl_period": null
} {
	"_": "Message",
	"id": 14,
	"peer_id": {
		"_": "PeerChannel",
		"channel_id": 1820317394
	},
	"date": "2023-02-02T07:33:22+00:00",
	"message": "",
	"out": true,
	"mentioned": false,
	"media_unread": false,
	"silent": false,
	"post": true,
	"from_scheduled": false,
	"legacy": false,
	"edit_hide": false,
	"pinned": false,
	"noforwards": false,
	"from_id": null,
	"fwd_from": null,
	"via_bot_id": null,
	"reply_to": null,
	"media": {
		"_": "MessageMediaDocument",
		"nopremium": false,
		"document": {
			"_": "Document",
			"id": 5393133014169428913,
			"access_hash": 3897437940551882246,
			"file_reference": [4, 108, 127, 214, 210, 0, 0, 0, 14, 99, 219, 116, 183, 73, 63, 33, 33, 232, 170, 22, 184, 162, 66, 94, 99, 86, 152, 192, 61],
			"date": "2023-02-02T07:33:22+00:00",
			"mime_type": "video/mp4",
			"size": 35760560,
			"dc_id": 2,
			"attributes": [{
				"_": "DocumentAttributeVideo",
				"duration": 31,
				"w": 1280,
				"h": 720,
				"round_message": false,
				"supports_streaming": true
			}, {
				"_": "DocumentAttributeFilename",
				"file_name": "Desktop 2022.12.14 - 11.51.23.06.mp4"
			}],
			"thumbs": [{
				"_": "PhotoStrippedSize",
				"type": "i",
				"bytes": [1, 22, 40, 185, 178, 56, 208, 238, 225, 79, 57, 29, 141, 100, 207, 44, 15, 230, 48, 12, 178, 103, 11, 138, 185, 45, 216, 120, 218, 32, 62, 110, 132, 246, 170, 230, 1, 33, 237, 207, 173, 43, 117, 29, 200, 225, 81, 49, 42, 29, 152, 46, 9, 147, 7, 10, 62, 149, 163, 99, 229, 153, 182, 238, 5, 147, 223, 175, 189, 101, 172, 147, 217, 57, 216, 112, 24, 99, 235, 83, 164, 115, 52, 43, 40, 77, 187, 120, 50, 14, 50, 61, 64, 166, 34, 205, 234, 205, 52, 205, 137, 112, 139, 247, 70, 209, 69, 59, 126, 245, 35, 35, 35, 134, 32, 209, 66, 17, 159, 9, 200, 7, 215, 154, 187, 24, 200, 162, 138, 107, 97, 189, 198, 205, 26, 182, 3, 119, 166, 94, 180, 144, 68, 171, 28, 175, 176, 118, 52, 81, 81, 39, 107, 21, 21, 123, 145, 90, 51, 46, 9, 57, 14, 189, 62, 134, 138, 40, 166, 132, 207]
			}, {
				"_": "PhotoSize",
				"type": "m",
				"w": 320,
				"h": 180,
				"size": 20071
			}],
			"video_thumbs": []
		},
		"ttl_seconds": null
	},
	"reply_markup": null,
	"entities": [],
	"views": 1,
	"forwards": 0,
	"replies": null,
	"edit_date": null,
	"post_author": null,
	"grouped_id": null,
	"reactions": null,
	"restriction_reason": [],
	"ttl_period": null
} {
	"_": "Message",
	"id": 15,
	"peer_id": {
		"_": "PeerChannel",
		"channel_id": 1820317394
	},
	"date": "2023-02-02T07:56:10+00:00",
	"message": "\u0445\u0435\u0445\u0435",
	"out": true,
	"mentioned": false,
	"media_unread": false,
	"silent": false,
	"post": true,
	"from_scheduled": false,
	"legacy": false,
	"edit_hide": false,
	"pinned": false,
	"noforwards": false,
	"from_id": null,
	"fwd_from": null,
	"via_bot_id": null,
	"reply_to": null,
	"media": {
		"_": "MessageMediaPhoto",
		"photo": {
			"_": "Photo",
			"id": 5393133014625667717,
			"access_hash": 6821979454040609986,
			"file_reference": [4, 108, 127, 214, 210, 0, 0, 0, 15, 99, 219, 116, 183, 183, 82, 142, 138, 192, 8, 150, 23, 196, 17, 153, 50, 46, 113, 74, 190],
			"date": "2023-02-02T07:56:10+00:00",
			"sizes": [{
				"_": "PhotoStrippedSize",
				"type": "i",
				"bytes": [1, 17, 40, 155, 108, 155, 114, 5, 73, 181, 177, 193, 7, 218, 159, 27, 113, 205, 14, 8, 251, 131, 175, 122, 142, 83, 89, 85, 177, 22, 242, 171, 150, 226, 163, 107, 232, 227, 235, 187, 242, 165, 149, 128, 66, 91, 147, 239, 84, 92, 130, 73, 61, 42, 213, 53, 212, 199, 219, 54, 203, 233, 117, 28, 159, 117, 134, 125, 59, 209, 89, 36, 225, 183, 14, 13, 20, 58, 40, 181, 85, 155, 43, 254, 174, 158, 126, 229, 20, 84, 131, 220, 168, 255, 0, 235, 13, 84, 184, 251, 230, 138, 43, 100, 100, 86, 110, 180, 81, 69, 80, 31]
			}, {
				"_": "PhotoSize",
				"type": "m",
				"w": 320,
				"h": 134,
				"size": 12698
			}, {
				"_": "PhotoSize",
				"type": "x",
				"w": 800,
				"h": 334,
				"size": 59202
			}, {
				"_": "PhotoSizeProgressive",
				"type": "y",
				"w": 1280,
				"h": 535,
				"sizes": [11115, 30205, 44554, 70037, 148805]
			}],
			"dc_id": 2,
			"has_stickers": false,
			"video_sizes": []
		},
		"ttl_seconds": null
	},
	"reply_markup": null,
	"entities": [],
	"views": 1,
	"forwards": 0,
	"replies": null,
	"edit_date": null,
	"post_author": null,
	"grouped_id": 13402596566750298,
	"reactions": null,
	"restriction_reason": [],
	"ttl_period": null
} {
	"_": "Message",
	"id": 16,
	"peer_id": {
		"_": "PeerChannel",
		"channel_id": 1820317394
	},
	"date": "2023-02-02T07:56:10+00:00",
	"message": "",
	"out": true,
	"mentioned": false,
	"media_unread": false,
	"silent": false,
	"post": true,
	"from_scheduled": false,
	"legacy": false,
	"edit_hide": false,
	"pinned": false,
	"noforwards": false,
	"from_id": null,
	"fwd_from": null,
	"via_bot_id": null,
	"reply_to": null,
	"media": {
		"_": "MessageMediaPhoto",
		"photo": {
			"_": "Photo",
			"id": 5393133014625667716,
			"access_hash": 7213228573747168393,
			"file_reference": [4, 108, 127, 214, 210, 0, 0, 0, 16, 99, 219, 116, 183, 229, 156, 213, 166, 234, 127, 24, 129, 13, 133, 26, 96, 184, 139, 106, 250],
			"date": "2023-02-02T07:56:10+00:00",
			"sizes": [{
				"_": "PhotoStrippedSize",
				"type": "i",
				"bytes": [1, 17, 40, 133, 93, 251, 59, 84, 170, 243, 17, 128, 73, 2, 164, 142, 32, 181, 50, 168, 20, 249, 217, 130, 131, 34, 81, 43, 117, 11, 248, 138, 148, 66, 165, 112, 223, 160, 197, 72, 188, 31, 106, 118, 104, 230, 102, 138, 11, 168, 129, 20, 0, 6, 120, 162, 128, 126, 106, 41, 92, 187, 36, 67, 220, 211, 147, 181, 20, 84, 136, 120, 163, 181, 20, 80, 49, 7, 222, 162, 138, 41, 140]
			}, {
				"_": "PhotoSize",
				"type": "m",
				"w": 320,
				"h": 134,
				"size": 13163
			}, {
				"_": "PhotoSize",
				"type": "x",
				"w": 800,
				"h": 334,
				"size": 68401
			}, {
				"_": "PhotoSizeProgressive",
				"type": "y",
				"w": 1280,
				"h": 535,
				"sizes": [10682, 32412, 51728, 85560, 179104]
			}],
			"dc_id": 2,
			"has_stickers": false,
			"video_sizes": []
		},
		"ttl_seconds": null
	},
	"reply_markup": null,
	"entities": [],
	"views": 1,
	"forwards": 0,
	"replies": null,
	"edit_date": null,
	"post_author": null,
	"grouped_id": 13402596566750298,
	"reactions": null,
	"restriction_reason": [],
	"ttl_period": null
} {
	"_": "Message",
	"id": 17,
	"peer_id": {
		"_": "PeerChannel",
		"channel_id": 1820317394
	},
	"date": "2023-02-02T07:56:26+00:00",
	"message": "not \u0445\u0435\u0445\u0435",
	"out": true,
	"mentioned": false,
	"media_unread": false,
	"silent": false,
	"post": true,
	"from_scheduled": false,
	"legacy": false,
	"edit_hide": false,
	"pinned": false,
	"noforwards": false,
	"from_id": null,
	"fwd_from": null,
	"via_bot_id": null,
	"reply_to": null,
	"media": {
		"_": "MessageMediaPhoto",
		"photo": {
			"_": "Photo",
			"id": 5393133014625667718,
			"access_hash": 281001319683419111,
			"file_reference": [4, 108, 127, 214, 210, 0, 0, 0, 17, 99, 219, 116, 183, 97, 21, 144, 167, 102, 227, 235, 138, 168, 46, 95, 135, 168, 154, 208, 238],
			"date": "2023-02-02T07:56:26+00:00",
			"sizes": [{
				"_": "PhotoStrippedSize",
				"type": "i",
				"bytes": [1, 17, 40, 205, 165, 85, 46, 192, 40, 36, 158, 194, 146, 148, 18, 164, 21, 36, 17, 220, 85, 8, 83, 27, 128, 73, 82, 0, 166, 211, 204, 174, 87, 105, 57, 6, 153, 64, 149, 250, 133, 20, 81, 64, 194, 138, 40, 160, 2, 138, 40, 160, 2, 138, 40, 160, 15]
			}, {
				"_": "PhotoSize",
				"type": "m",
				"w": 320,
				"h": 134,
				"size": 2899
			}, {
				"_": "PhotoSize",
				"type": "x",
				"w": 800,
				"h": 334,
				"size": 12101
			}, {
				"_": "PhotoSizeProgressive",
				"type": "y",
				"w": 1280,
				"h": 535,
				"sizes": [4126, 5939, 8159, 10217, 45921]
			}],
			"dc_id": 2,
			"has_stickers": false,
			"video_sizes": []
		},
		"ttl_seconds": null
	},
	"reply_markup": null,
	"entities": [],
	"views": 1,
	"forwards": 0,
	"replies": null,
	"edit_date": null,
	"post_author": null,
	"grouped_id": 13402596694766250,
	"reactions": null,
	"restriction_reason": [],
	"ttl_period": null
} {
	"_": "Message",
	"id": 18,
	"peer_id": {
		"_": "PeerChannel",
		"channel_id": 1820317394
	},
	"date": "2023-02-02T07:56:26+00:00",
	"message": "",
	"out": true,
	"mentioned": false,
	"media_unread": false,
	"silent": false,
	"post": true,
	"from_scheduled": false,
	"legacy": false,
	"edit_hide": false,
	"pinned": false,
	"noforwards": false,
	"from_id": null,
	"fwd_from": null,
	"via_bot_id": null,
	"reply_to": null,
	"media": {
		"_": "MessageMediaPhoto",
		"photo": {
			"_": "Photo",
			"id": 5393133014625667719,
			"access_hash": -2873274935543735977,
			"file_reference": [4, 108, 127, 214, 210, 0, 0, 0, 18, 99, 219, 116, 183, 21, 31, 104, 7, 62, 210, 224, 3, 252, 21, 206, 118, 36, 45, 149, 100],
			"date": "2023-02-02T07:56:26+00:00",
			"sizes": [{
				"_": "PhotoStrippedSize",
				"type": "i",
				"bytes": [1, 17, 40, 203, 24, 207, 52, 237, 153, 56, 92, 146, 105, 180, 229, 56, 231, 56, 34, 181, 2, 83, 104, 234, 64, 36, 100, 251, 254, 149, 9, 3, 62, 149, 97, 175, 25, 128, 200, 25, 29, 234, 2, 119, 49, 36, 242, 105, 43, 245, 29, 208, 218, 40, 61, 120, 162, 152, 130, 138, 40, 160, 2, 138, 40, 160, 4, 162, 138, 40, 3]
			}, {
				"_": "PhotoSize",
				"type": "m",
				"w": 320,
				"h": 134,
				"size": 10254
			}, {
				"_": "PhotoSize",
				"type": "x",
				"w": 800,
				"h": 334,
				"size": 50464
			}, {
				"_": "PhotoSizeProgressive",
				"type": "y",
				"w": 1280,
				"h": 535,
				"sizes": [8398, 21871, 41635, 59286, 111072]
			}],
			"dc_id": 2,
			"has_stickers": false,
			"video_sizes": []
		},
		"ttl_seconds": null
	},
	"reply_markup": null,
	"entities": [],
	"views": 1,
	"forwards": 0,
	"replies": null,
	"edit_date": null,
	"post_author": null,
	"grouped_id": 13402596694766250,
	"reactions": null,
	"restriction_reason": [],
	"ttl_period": null
} {
	"_": "Message",
	"id": 19,
	"peer_id": {
		"_": "PeerChannel",
		"channel_id": 1820317394
	},
	"date": "2023-02-02T07:56:58+00:00",
	"message": "",
	"out": true,
	"mentioned": false,
	"media_unread": false,
	"silent": false,
	"post": true,
	"from_scheduled": false,
	"legacy": false,
	"edit_hide": false,
	"pinned": false,
	"noforwards": false,
	"from_id": null,
	"fwd_from": null,
	"via_bot_id": null,
	"reply_to": null,
	"media": {
		"_": "MessageMediaPhoto",
		"photo": {
			"_": "Photo",
			"id": 5393133014625667722,
			"access_hash": -5680769636373384051,
			"file_reference": [4, 108, 127, 214, 210, 0, 0, 0, 19, 99, 219, 116, 183, 27, 231, 87, 112, 168, 88, 6, 37, 45, 186, 19, 215, 74, 185, 101, 60],
			"date": "2023-02-02T07:56:56+00:00",
			"sizes": [{
				"_": "PhotoStrippedSize",
				"type": "i",
				"bytes": [1, 17, 40, 206, 162, 158, 14, 35, 57, 239, 210, 153, 77, 59, 138, 74, 193, 69, 20, 83, 16, 81, 69, 20, 0, 227, 247, 69, 54, 138, 42, 81, 117, 55, 10, 40, 162, 168, 128, 162, 138, 40, 3]
			}, {
				"_": "PhotoSize",
				"type": "m",
				"w": 320,
				"h": 134,
				"size": 2604
			}, {
				"_": "PhotoSize",
				"type": "x",
				"w": 800,
				"h": 334,
				"size": 9210
			}, {
				"_": "PhotoSizeProgressive",
				"type": "y",
				"w": 1280,
				"h": 535,
				"sizes": [3716, 5946, 7888, 10323, 19768]
			}],
			"dc_id": 2,
			"has_stickers": false,
			"video_sizes": []
		},
		"ttl_seconds": null
	},
	"reply_markup": null,
	"entities": [],
	"views": 1,
	"forwards": 0,
	"replies": null,
	"edit_date": null,
	"post_author": null,
	"grouped_id": 13402596946784490,
	"reactions": null,
	"restriction_reason": [],
	"ttl_period": null
} {
	"_": "Message",
	"id": 20,
	"peer_id": {
		"_": "PeerChannel",
		"channel_id": 1820317394
	},
	"date": "2023-02-02T07:56:58+00:00",
	"message": "",
	"out": true,
	"mentioned": false,
	"media_unread": false,
	"silent": false,
	"post": true,
	"from_scheduled": false,
	"legacy": false,
	"edit_hide": false,
	"pinned": false,
	"noforwards": false,
	"from_id": null,
	"fwd_from": null,
	"via_bot_id": null,
	"reply_to": null,
	"media": {
		"_": "MessageMediaPhoto",
		"photo": {
			"_": "Photo",
			"id": 5393133014625667723,
			"access_hash": -3699746817176256252,
			"file_reference": [4, 108, 127, 214, 210, 0, 0, 0, 20, 99, 219, 116, 183, 207, 203, 68, 154, 191, 64, 22, 249, 159, 214, 217, 122, 216, 104, 141, 116],
			"date": "2023-02-02T07:56:58+00:00",
			"sizes": [{
				"_": "PhotoStrippedSize",
				"type": "i",
				"bytes": [1, 17, 40, 160, 176, 200, 224, 16, 132, 130, 112, 13, 6, 25, 6, 114, 135, 0, 226, 129, 52, 138, 129, 67, 144, 1, 200, 20, 25, 164, 32, 130, 231, 4, 230, 150, 163, 15, 42, 76, 49, 218, 112, 189, 104, 16, 74, 113, 132, 60, 244, 164, 243, 95, 230, 249, 143, 205, 214, 151, 207, 147, 41, 243, 159, 147, 165, 26, 141, 219, 160, 60, 50, 34, 111, 101, 194, 231, 25, 162, 145, 165, 118, 77, 172, 196, 140, 230, 138, 98, 212, 101, 20, 81, 64, 5, 20, 81, 64, 5, 20, 81, 64, 31]
			}, {
				"_": "PhotoSize",
				"type": "m",
				"w": 320,
				"h": 134,
				"size": 8143
			}, {
				"_": "PhotoSize",
				"type": "x",
				"w": 800,
				"h": 334,
				"size": 28855
			}, {
				"_": "PhotoSizeProgressive",
				"type": "y",
				"w": 1280,
				"h": 535,
				"sizes": [6112, 12976, 22117, 30529, 57857]
			}],
			"dc_id": 2,
			"has_stickers": false,
			"video_sizes": []
		},
		"ttl_seconds": null
	},
	"reply_markup": null,
	"entities": [],
	"views": 1,
	"forwards": 0,
	"replies": null,
	"edit_date": null,
	"post_author": null,
	"grouped_id": 13402596946784490,
	"reactions": null,
	"restriction_reason": [],
	"ttl_period": null
}